<?xml version="1.0" encoding="UTF-8"?>
<export version="D">
  <design>
    <source>C:\Users\alvar\OneDrive\Documentos\Work\Schematics\WT-20 VARS v2.0\WT-20 VARS_ SCHEMATIC1v4.sch</source>
    <date>11/26/2020 12:32:03 AM</date>
    <tool>Eeschema (5.1.6)-1</tool>
    <sheet number="1" name="/" tstamps="/">
      <title_block>
        <title/>
        <company/>
        <rev/>
        <date/>
        <source>WT-20 VARS_ SCHEMATIC1v4.sch</source>
        <comment number="1" value=""/>
        <comment number="2" value=""/>
        <comment number="3" value=""/>
        <comment number="4" value=""/>
      </title_block>
    </sheet>
  </design>
  <components>
    <comp ref="J2">
      <value>LCD Screen</value>
      <footprint>Connector_PinSocket_2.54mm:PinSocket_1x14_P2.54mm_Vertical</footprint>
      <datasheet>~</datasheet>
      <libsource lib="WT-20-VARS_-SCHEMATIC1v4-rescue" part="Conn_01x14-Connector_Generic-WT-20-VARS_-SCHEMATIC1-rescue-WT-20-VARS_-SCHEMATIC1-rescue-WT-20-VARS_-SCHEMATIC1-rescue-WT-20-VARS_-SCHEMATIC1v3-rescue" description=""/>
      <sheetpath names="/" tstamps="/"/>
      <tstamp>5F6CCBCB</tstamp>
    </comp>
    <comp ref="U1">
      <value>OKI-7BSR-5/1.5-W36-C</value>
      <footprint>ESP32-WROOM-32D:L7805</footprint>
      <datasheet>http://www.st.com/content/ccc/resource/technical/document/datasheet/41/4f/b3/b0/12/d4/47/88/CD00000444.pdf/files/CD00000444.pdf/jcr:content/translations/en.CD00000444.pdf</datasheet>
      <libsource lib="Regulator_Linear" part="L7805" description="Positive 1.5A 35V Linear Regulator, Fixed Output 5V, TO-220/TO-263/TO-252"/>
      <sheetpath names="/" tstamps="/"/>
      <tstamp>5F748D3F</tstamp>
    </comp>
    <comp ref="U4">
      <value>MCP2515-E/P</value>
      <footprint>Package_SO:SOIC-18W_7.5x11.6mm_P1.27mm</footprint>
      <datasheet>http://ww1.microchip.com/downloads/en/DeviceDoc/21801e.pdf</datasheet>
      <libsource lib="Interface_CAN_LIN" part="MCP2515-xSO" description="Stand-Alone CAN Controller with SPI Interface, SOIC-18"/>
      <sheetpath names="/" tstamps="/"/>
      <tstamp>5F9BC5A8</tstamp>
    </comp>
    <comp ref="U3">
      <value>MCP2551-I-P</value>
      <footprint>Package_DIP:DIP-8_W7.62mm</footprint>
      <datasheet>http://ww1.microchip.com/downloads/en/devicedoc/21667d.pdf</datasheet>
      <libsource lib="Interface_CAN_LIN" part="MCP2551-I-P" description="High-Speed CAN Transceiver, 1Mbps, 5V supply, DIP-8"/>
      <sheetpath names="/" tstamps="/"/>
      <tstamp>5F9BE3A2</tstamp>
    </comp>
    <comp ref="Y1">
      <value> 20 MHz</value>
      <footprint>Crystal:Resonator-2Pin_W7.0mm_H2.5mm</footprint>
      <datasheet>~</datasheet>
      <libsource lib="Device" part="Crystal" description="Two pin crystal"/>
      <sheetpath names="/" tstamps="/"/>
      <tstamp>5F8981D4</tstamp>
    </comp>
    <comp ref="C6">
      <value>15pF</value>
      <footprint>Capacitor_THT:C_Disc_D7.5mm_W2.5mm_P5.00mm</footprint>
      <datasheet>~</datasheet>
      <libsource lib="Device" part="C" description="Unpolarized capacitor"/>
      <sheetpath names="/" tstamps="/"/>
      <tstamp>5F8A98ED</tstamp>
    </comp>
    <comp ref="C7">
      <value>15pF</value>
      <footprint>Capacitor_THT:C_Disc_D7.5mm_W2.5mm_P5.00mm</footprint>
      <datasheet>~</datasheet>
      <libsource lib="Device" part="C" description="Unpolarized capacitor"/>
      <sheetpath names="/" tstamps="/"/>
      <tstamp>5F8AB0B9</tstamp>
    </comp>
    <comp ref="J3">
      <value>SD Card</value>
      <footprint>Connector_PinSocket_2.54mm:PinSocket_1x04_P2.54mm_Vertical</footprint>
      <datasheet>~</datasheet>
      <libsource lib="WT-20-VARS_-SCHEMATIC1v4-rescue" part="Conn_01x04-Connector_Generic-WT-20-VARS_-SCHEMATIC1-rescue-WT-20-VARS_-SCHEMATIC1-rescue-WT-20-VARS_-SCHEMATIC1-rescue-WT-20-VARS_-SCHEMATIC1v3-rescue" description=""/>
      <sheetpath names="/" tstamps="/"/>
      <tstamp>5F6DABFE</tstamp>
    </comp>
    <comp ref="C1">
      <value>0.1uF</value>
      <footprint>Capacitor_THT:C_Radial_D5.0mm_H5.0mm_P2.00mm</footprint>
      <datasheet>~</datasheet>
      <libsource lib="Device" part="C" description="Unpolarized capacitor"/>
      <sheetpath names="/" tstamps="/"/>
      <tstamp>5F969E2B</tstamp>
    </comp>
    <comp ref="C2">
      <value>0.1uF</value>
      <footprint>Capacitor_THT:C_Radial_D5.0mm_H5.0mm_P2.00mm</footprint>
      <datasheet>~</datasheet>
      <libsource lib="Device" part="C" description="Unpolarized capacitor"/>
      <sheetpath names="/" tstamps="/"/>
      <tstamp>5F96AD1E</tstamp>
    </comp>
    <comp ref="C5">
      <value>0.1uF</value>
      <footprint>Capacitor_THT:C_Radial_D5.0mm_H5.0mm_P2.00mm</footprint>
      <datasheet>~</datasheet>
      <libsource lib="Device" part="C" description="Unpolarized capacitor"/>
      <sheetpath names="/" tstamps="/"/>
      <tstamp>5F9782B7</tstamp>
    </comp>
    <comp ref="C8">
      <value>0.1uF</value>
      <footprint>Capacitor_THT:C_Radial_D5.0mm_H5.0mm_P2.00mm</footprint>
      <datasheet>~</datasheet>
      <libsource lib="Device" part="C" description="Unpolarized capacitor"/>
      <sheetpath names="/" tstamps="/"/>
      <tstamp>5F995B3C</tstamp>
    </comp>
    <comp ref="R5">
      <value>120R</value>
      <footprint>Resistor_SMD:R_1206_3216Metric_Pad1.42x1.75mm_HandSolder</footprint>
      <datasheet>~</datasheet>
      <libsource lib="Device" part="R_US" description="Resistor, US symbol"/>
      <sheetpath names="/" tstamps="/"/>
      <tstamp>5FA533E2</tstamp>
    </comp>
    <comp ref="U5">
      <value>LEVEL_TR</value>
      <footprint>ESP32-WROOM-32D:DB_Logic_Level_conv</footprint>
      <libsource lib="WT-20-VARS_-SCHEMATIC1v4-rescue" part="LEVEL_TR-Logic_LevelTranslator-WT-20-VARS_-SCHEMATIC1-rescue-WT-20-VARS_-SCHEMATIC1-rescue-WT-20-VARS_-SCHEMATIC1v3-rescue" description=""/>
      <sheetpath names="/" tstamps="/"/>
      <tstamp>5FAE9092</tstamp>
    </comp>
    <comp ref="U2">
      <value>ESP32-WROOM-32D</value>
      <footprint>ESP32-WROOM-32D:ESP32-WROOM-32D</footprint>
      <libsource lib="WT-20-VARS_-SCHEMATIC1v4-rescue" part="ESP32-WROOM-32D-WT-20-VARS_-SCHEMATIC1-rescue-WT-20-VARS_-SCHEMATIC1-rescue-WT-20-VARS_-SCHEMATIC1-rescue-WT-20-VARS_-SCHEMATIC1-rescue-WT-20-VARS_-SCHEMATIC1v3-rescue" description=""/>
      <sheetpath names="/" tstamps="/"/>
      <tstamp>5FDE9511</tstamp>
    </comp>
    <comp ref="K1">
      <value>5VDC relay</value>
      <footprint>Relay_THT:Relay_1P1T_NO_10x24x18.8mm_Panasonic_ADW11xxxxW_THT</footprint>
      <datasheet>https://www.panasonic-electric-works.com/pew/es/downloads/ds_dw_hl_en.pdf</datasheet>
      <libsource lib="Relay" part="ADW11" description="Panasonic, 8A/16A, Small Polarized Latching Power Relays, Single coil, 1 Form A"/>
      <sheetpath names="/" tstamps="/"/>
      <tstamp>6045189B</tstamp>
    </comp>
    <comp ref="R9">
      <value>1K</value>
      <footprint>Resistor_SMD:R_1206_3216Metric_Pad1.42x1.75mm_HandSolder</footprint>
      <datasheet>~</datasheet>
      <libsource lib="Device" part="R_Small_US" description="Resistor, small US symbol"/>
      <sheetpath names="/" tstamps="/"/>
      <tstamp>604B00D8</tstamp>
    </comp>
    <comp ref="Q3">
      <value>2N3904</value>
      <footprint>Package_TO_SOT_THT:TO-92_Inline</footprint>
      <datasheet>https://www.onsemi.com/pub/Collateral/2N3903-D.PDF</datasheet>
      <libsource lib="Transistor_BJT" part="2N3904" description="0.2A Ic, 40V Vce, Small Signal NPN Transistor, TO-92"/>
      <sheetpath names="/" tstamps="/"/>
      <tstamp>604B00DF</tstamp>
    </comp>
    <comp ref="C3">
      <value>47µ 25V</value>
      <footprint>Capacitor_THT:CP_Radial_D5.0mm_P2.00mm</footprint>
      <datasheet>~</datasheet>
      <libsource lib="Device" part="CP1" description="Polarized capacitor, US symbol"/>
      <sheetpath names="/" tstamps="/"/>
      <tstamp>5FA346DE</tstamp>
    </comp>
    <comp ref="C4">
      <value>47µ 25V</value>
      <footprint>Capacitor_THT:CP_Radial_D5.0mm_P2.00mm</footprint>
      <datasheet>~</datasheet>
      <libsource lib="Device" part="CP1" description="Polarized capacitor, US symbol"/>
      <sheetpath names="/" tstamps="/"/>
      <tstamp>5FA583DB</tstamp>
    </comp>
    <comp ref="R6">
      <value>1K</value>
      <footprint>Resistor_SMD:R_1206_3216Metric_Pad1.42x1.75mm_HandSolder</footprint>
      <datasheet>~</datasheet>
      <libsource lib="Device" part="R_US" description="Resistor, US symbol"/>
      <sheetpath names="/" tstamps="/"/>
      <tstamp>5FF2D843</tstamp>
    </comp>
    <comp ref="R2">
      <value>1k</value>
      <footprint>Resistor_SMD:R_1206_3216Metric_Pad1.42x1.75mm_HandSolder</footprint>
      <datasheet>~</datasheet>
      <libsource lib="Device" part="R_Small_US" description="Resistor, small US symbol"/>
      <sheetpath names="/" tstamps="/"/>
      <tstamp>5F81B688</tstamp>
    </comp>
    <comp ref="R1">
      <value>1k</value>
      <footprint>Resistor_SMD:R_1206_3216Metric_Pad1.42x1.75mm_HandSolder</footprint>
      <datasheet>~</datasheet>
      <libsource lib="Device" part="R_Small_US" description="Resistor, small US symbol"/>
      <sheetpath names="/" tstamps="/"/>
      <tstamp>5F81AB43</tstamp>
    </comp>
    <comp ref="R3">
      <value>1k</value>
      <footprint>Resistor_SMD:R_1206_3216Metric_Pad1.42x1.75mm_HandSolder</footprint>
      <datasheet>~</datasheet>
      <libsource lib="Device" part="R_Small_US" description="Resistor, small US symbol"/>
      <sheetpath names="/" tstamps="/"/>
      <tstamp>6005158D</tstamp>
    </comp>
    <comp ref="R4">
      <value>1k</value>
      <footprint>Resistor_SMD:R_1206_3216Metric_Pad1.42x1.75mm_HandSolder</footprint>
      <datasheet>~</datasheet>
      <libsource lib="Device" part="R_Small_US" description="Resistor, small US symbol"/>
      <sheetpath names="/" tstamps="/"/>
      <tstamp>601206C0</tstamp>
    </comp>
    <comp ref="J4">
      <value>IR Modules</value>
      <footprint>Connector_JST:JST_PHD_B8B-PHDSS_2x04_P2.00mm_Vertical</footprint>
      <datasheet>~</datasheet>
      <libsource lib="WT-20-VARS_-SCHEMATIC1v4-rescue" part="Conn_02x04_Odd_Even_MOD-WT-20_VARS__SCHEMATIC1v3-cache-WT-20-VARS_-SCHEMATIC1v3-rescue" description=""/>
      <sheetpath names="/" tstamps="/"/>
      <tstamp>5F9402BD</tstamp>
    </comp>
    <comp ref="D2">
      <value>1N914</value>
      <footprint>Diode_THT:D_DO-35_SOD27_P7.62mm_Horizontal</footprint>
      <datasheet>http://www.vishay.com/docs/85622/1n914.pdf</datasheet>
      <libsource lib="Diode" part="1N914" description="100V 0.3A Small Signal Fast Switching Diode, DO-35"/>
      <sheetpath names="/" tstamps="/"/>
      <tstamp>5FCD04A5</tstamp>
    </comp>
    <comp ref="J16">
      <value>Fan Max</value>
      <footprint>TerminalBlock_Phoenix:TerminalBlock_Phoenix_MKDS-1,5-3-5.08_1x03_P5.08mm_Horizontal</footprint>
      <datasheet>~</datasheet>
      <libsource lib="Connector" part="Screw_Terminal_01x03" description="Generic screw terminal, single row, 01x03, script generated (kicad-library-utils/schlib/autogen/connector/)"/>
      <sheetpath names="/" tstamps="/"/>
      <tstamp>5FBEA2F1</tstamp>
    </comp>
    <comp ref="J1">
      <value>24VDX DC POWER</value>
      <footprint>TerminalBlock_Phoenix:TerminalBlock_Phoenix_MKDS-1,5-2-5.08_1x02_P5.08mm_Horizontal</footprint>
      <datasheet>~</datasheet>
      <libsource lib="Connector" part="Screw_Terminal_01x02" description="Generic screw terminal, single row, 01x02, script generated (kicad-library-utils/schlib/autogen/connector/)"/>
      <sheetpath names="/" tstamps="/"/>
      <tstamp>5FBEDB79</tstamp>
    </comp>
    <comp ref="J13">
      <value>FAN MAX 12A</value>
      <footprint>TerminalBlock_Phoenix:TerminalBlock_Phoenix_MKDS-1,5-2-5.08_1x02_P5.08mm_Horizontal</footprint>
      <datasheet>~</datasheet>
      <libsource lib="Connector" part="Screw_Terminal_01x02" description="Generic screw terminal, single row, 01x02, script generated (kicad-library-utils/schlib/autogen/connector/)"/>
      <sheetpath names="/" tstamps="/"/>
      <tstamp>5FC46054</tstamp>
    </comp>
    <comp ref="J8">
      <value>LIGHTS Bank #1</value>
      <footprint>TerminalBlock_Phoenix:TerminalBlock_Phoenix_MKDS-1,5-2-5.08_1x02_P5.08mm_Horizontal</footprint>
      <datasheet>~</datasheet>
      <libsource lib="Connector" part="Screw_Terminal_01x02" description="Generic screw terminal, single row, 01x02, script generated (kicad-library-utils/schlib/autogen/connector/)"/>
      <sheetpath names="/" tstamps="/"/>
      <tstamp>5FC471A0</tstamp>
    </comp>
    <comp ref="J12">
      <value>Inverter Remote </value>
      <footprint>TerminalBlock_Phoenix:TerminalBlock_Phoenix_MKDS-1,5-2-5.08_1x02_P5.08mm_Horizontal</footprint>
      <datasheet>~</datasheet>
      <libsource lib="Connector" part="Screw_Terminal_01x02" description="Generic screw terminal, single row, 01x02, script generated (kicad-library-utils/schlib/autogen/connector/)"/>
      <sheetpath names="/" tstamps="/"/>
      <tstamp>5FC47DDB</tstamp>
    </comp>
    <comp ref="J9">
      <value>LIGHTS Bank #2</value>
      <footprint>TerminalBlock_Phoenix:TerminalBlock_Phoenix_MKDS-1,5-2-5.08_1x02_P5.08mm_Horizontal</footprint>
      <datasheet>~</datasheet>
      <libsource lib="Connector" part="Screw_Terminal_01x02" description="Generic screw terminal, single row, 01x02, script generated (kicad-library-utils/schlib/autogen/connector/)"/>
      <sheetpath names="/" tstamps="/"/>
      <tstamp>5FC485DA</tstamp>
    </comp>
    <comp ref="J10">
      <value>LIGHTS Bank #3</value>
      <footprint>TerminalBlock_Phoenix:TerminalBlock_Phoenix_MKDS-1,5-2-5.08_1x02_P5.08mm_Horizontal</footprint>
      <datasheet>~</datasheet>
      <libsource lib="Connector" part="Screw_Terminal_01x02" description="Generic screw terminal, single row, 01x02, script generated (kicad-library-utils/schlib/autogen/connector/)"/>
      <sheetpath names="/" tstamps="/"/>
      <tstamp>5FC491CC</tstamp>
    </comp>
    <comp ref="J11">
      <value>Charger SSD</value>
      <footprint>TerminalBlock_Phoenix:TerminalBlock_Phoenix_MKDS-1,5-2-5.08_1x02_P5.08mm_Horizontal</footprint>
      <datasheet>~</datasheet>
      <libsource lib="Connector" part="Screw_Terminal_01x02" description="Generic screw terminal, single row, 01x02, script generated (kicad-library-utils/schlib/autogen/connector/)"/>
      <sheetpath names="/" tstamps="/"/>
      <tstamp>5FCE174A</tstamp>
    </comp>
    <comp ref="J7">
      <value>CAN BUS</value>
      <footprint>Connector_JST:JST_EH_B4B-EH-A_1x04_P2.50mm_Vertical</footprint>
      <datasheet>~</datasheet>
      <libsource lib="Connector_Generic" part="Conn_01x04" description="Generic connector, single row, 01x04, script generated (kicad-library-utils/schlib/autogen/connector/)"/>
      <sheetpath names="/" tstamps="/"/>
      <tstamp>5FED14CE</tstamp>
    </comp>
    <comp ref="J15">
      <value>Motion Sensors</value>
      <footprint>Connector_JST:JST_EH_B3B-EH-A_1x03_P2.50mm_Vertical</footprint>
      <datasheet>~</datasheet>
      <libsource lib="Connector_Generic" part="Conn_01x03" description="Generic connector, single row, 01x03, script generated (kicad-library-utils/schlib/autogen/connector/)"/>
      <sheetpath names="/" tstamps="/"/>
      <tstamp>5FED38BE</tstamp>
    </comp>
    <comp ref="J6">
      <value>BMP 280</value>
      <footprint>Connector_JST:JST_EH_B4B-EH-A_1x04_P2.50mm_Vertical</footprint>
      <datasheet>~</datasheet>
      <libsource lib="Connector_Generic" part="Conn_01x04" description="Generic connector, single row, 01x04, script generated (kicad-library-utils/schlib/autogen/connector/)"/>
      <sheetpath names="/" tstamps="/"/>
      <tstamp>5FED5587</tstamp>
    </comp>
    <comp ref="J5">
      <value>Shield Sensors</value>
      <footprint>Connector_JST:JST_EH_B4B-EH-A_1x04_P2.50mm_Vertical</footprint>
      <datasheet>~</datasheet>
      <libsource lib="Connector_Generic" part="Conn_01x04" description="Generic connector, single row, 01x04, script generated (kicad-library-utils/schlib/autogen/connector/)"/>
      <sheetpath names="/" tstamps="/"/>
      <tstamp>5FEEB355</tstamp>
    </comp>
    <comp ref="J14">
      <value>EMG SW</value>
      <footprint>Connector_JST:JST_EH_B2B-EH-A_1x02_P2.50mm_Vertical</footprint>
      <datasheet>~</datasheet>
      <libsource lib="Connector_Generic" part="Conn_01x02" description="Generic connector, single row, 01x02, script generated (kicad-library-utils/schlib/autogen/connector/)"/>
      <sheetpath names="/" tstamps="/"/>
      <tstamp>5FFD14DA</tstamp>
    </comp>
  </components>
  <libparts>
    <libpart lib="Connector" part="Screw_Terminal_01x02">
      <description>Generic screw terminal, single row, 01x02, script generated (kicad-library-utils/schlib/autogen/connector/)</description>
      <docs>~</docs>
      <footprints>
        <fp>TerminalBlock*:*</fp>
      </footprints>
      <fields>
        <field name="Reference">J</field>
        <field name="Value">Screw_Terminal_01x02</field>
      </fields>
      <pins>
        <pin num="1" name="Pin_1" type="passive"/>
        <pin num="2" name="Pin_2" type="passive"/>
      </pins>
    </libpart>
    <libpart lib="Connector" part="Screw_Terminal_01x03">
      <description>Generic screw terminal, single row, 01x03, script generated (kicad-library-utils/schlib/autogen/connector/)</description>
      <docs>~</docs>
      <footprints>
        <fp>TerminalBlock*:*</fp>
      </footprints>
      <fields>
        <field name="Reference">J</field>
        <field name="Value">Screw_Terminal_01x03</field>
      </fields>
      <pins>
        <pin num="1" name="Pin_1" type="passive"/>
        <pin num="2" name="Pin_2" type="passive"/>
        <pin num="3" name="Pin_3" type="passive"/>
      </pins>
    </libpart>
    <libpart lib="Connector_Generic" part="Conn_01x02">
      <description>Generic connector, single row, 01x02, script generated (kicad-library-utils/schlib/autogen/connector/)</description>
      <docs>~</docs>
      <footprints>
        <fp>Connector*:*_1x??_*</fp>
      </footprints>
      <fields>
        <field name="Reference">J</field>
        <field name="Value">Conn_01x02</field>
      </fields>
      <pins>
        <pin num="1" name="Pin_1" type="passive"/>
        <pin num="2" name="Pin_2" type="passive"/>
      </pins>
    </libpart>
    <libpart lib="Connector_Generic" part="Conn_01x03">
      <description>Generic connector, single row, 01x03, script generated (kicad-library-utils/schlib/autogen/connector/)</description>
      <docs>~</docs>
      <footprints>
        <fp>Connector*:*_1x??_*</fp>
      </footprints>
      <fields>
        <field name="Reference">J</field>
        <field name="Value">Conn_01x03</field>
      </fields>
      <pins>
        <pin num="1" name="Pin_1" type="passive"/>
        <pin num="2" name="Pin_2" type="passive"/>
        <pin num="3" name="Pin_3" type="passive"/>
      </pins>
    </libpart>
    <libpart lib="Connector_Generic" part="Conn_01x04">
      <description>Generic connector, single row, 01x04, script generated (kicad-library-utils/schlib/autogen/connector/)</description>
      <docs>~</docs>
      <footprints>
        <fp>Connector*:*_1x??_*</fp>
      </footprints>
      <fields>
        <field name="Reference">J</field>
        <field name="Value">Conn_01x04</field>
      </fields>
      <pins>
        <pin num="1" name="Pin_1" type="passive"/>
        <pin num="2" name="Pin_2" type="passive"/>
        <pin num="3" name="Pin_3" type="passive"/>
        <pin num="4" name="Pin_4" type="passive"/>
      </pins>
    </libpart>
    <libpart lib="Device" part="C">
      <description>Unpolarized capacitor</description>
      <docs>~</docs>
      <footprints>
        <fp>C_*</fp>
      </footprints>
      <fields>
        <field name="Reference">C</field>
        <field name="Value">C</field>
      </fields>
      <pins>
        <pin num="1" name="~" type="passive"/>
        <pin num="2" name="~" type="passive"/>
      </pins>
    </libpart>
    <libpart lib="Device" part="CP1">
      <description>Polarized capacitor, US symbol</description>
      <docs>~</docs>
      <footprints>
        <fp>CP_*</fp>
      </footprints>
      <fields>
        <field name="Reference">C</field>
        <field name="Value">CP1</field>
      </fields>
      <pins>
        <pin num="1" name="~" type="passive"/>
        <pin num="2" name="~" type="passive"/>
      </pins>
    </libpart>
    <libpart lib="Device" part="Crystal">
      <description>Two pin crystal</description>
      <docs>~</docs>
      <footprints>
        <fp>Crystal*</fp>
      </footprints>
      <fields>
        <field name="Reference">Y</field>
        <field name="Value">Crystal</field>
      </fields>
      <pins>
        <pin num="1" name="1" type="passive"/>
        <pin num="2" name="2" type="passive"/>
      </pins>
    </libpart>
    <libpart lib="Device" part="R_Small_US">
      <description>Resistor, small US symbol</description>
      <docs>~</docs>
      <footprints>
        <fp>R_*</fp>
      </footprints>
      <fields>
        <field name="Reference">R</field>
        <field name="Value">R_Small_US</field>
      </fields>
      <pins>
        <pin num="1" name="~" type="passive"/>
        <pin num="2" name="~" type="passive"/>
      </pins>
    </libpart>
    <libpart lib="Device" part="R_US">
      <description>Resistor, US symbol</description>
      <docs>~</docs>
      <footprints>
        <fp>R_*</fp>
      </footprints>
      <fields>
        <field name="Reference">R</field>
        <field name="Value">R_US</field>
      </fields>
      <pins>
        <pin num="1" name="~" type="passive"/>
        <pin num="2" name="~" type="passive"/>
      </pins>
    </libpart>
    <libpart lib="Diode" part="1N4148">
      <aliases>
        <alias>1N4448</alias>
        <alias>1N4149</alias>
        <alias>1N4151</alias>
        <alias>1N914</alias>
        <alias>BA243</alias>
        <alias>BA244</alias>
        <alias>BA282</alias>
        <alias>BA283</alias>
        <alias>BAV17</alias>
        <alias>BAV18</alias>
        <alias>BAV19</alias>
        <alias>BAV20</alias>
        <alias>BAV21</alias>
        <alias>BAW75</alias>
        <alias>BAW76</alias>
        <alias>BAY93</alias>
      </aliases>
      <description>100V 0.15A standard switching diode, DO-35</description>
      <docs>https://assets.nexperia.com/documents/data-sheet/1N4148_1N4448.pdf</docs>
      <footprints>
        <fp>D*DO?35*</fp>
      </footprints>
      <fields>
        <field name="Reference">D</field>
        <field name="Value">1N4148</field>
        <field name="Footprint">Diode_THT:D_DO-35_SOD27_P7.62mm_Horizontal</field>
      </fields>
      <pins>
        <pin num="1" name="K" type="passive"/>
        <pin num="2" name="A" type="passive"/>
      </pins>
    </libpart>
    <libpart lib="Interface_CAN_LIN" part="MCP2515-xSO">
      <description>Stand-Alone CAN Controller with SPI Interface, SOIC-18</description>
      <docs>http://ww1.microchip.com/downloads/en/DeviceDoc/21801e.pdf</docs>
      <footprints>
        <fp>SOIC*7.5x11.6mm*P1.27mm*</fp>
      </footprints>
      <fields>
        <field name="Reference">U</field>
        <field name="Value">MCP2515-xSO</field>
        <field name="Footprint">Package_SO:SOIC-18W_7.5x11.6mm_P1.27mm</field>
      </fields>
      <pins>
        <pin num="1" name="TXCAN" type="output"/>
        <pin num="2" name="RXCAN" type="input"/>
        <pin num="3" name="CLKOUT/SOF" type="output"/>
        <pin num="4" name="~TX0RTS" type="input"/>
        <pin num="5" name="~TX1RTS" type="input"/>
        <pin num="6" name="~TX2RTS" type="input"/>
        <pin num="7" name="OSC2" type="output"/>
        <pin num="8" name="OSC1" type="input"/>
        <pin num="9" name="VSS" type="power_in"/>
        <pin num="10" name="~RX1BF" type="output"/>
        <pin num="11" name="~RX0BF" type="output"/>
        <pin num="12" name="~INT" type="output"/>
        <pin num="13" name="SCK" type="input"/>
        <pin num="14" name="SI" type="input"/>
        <pin num="15" name="SO" type="output"/>
        <pin num="16" name="~CS" type="input"/>
        <pin num="17" name="~RESET" type="input"/>
        <pin num="18" name="VDD" type="power_in"/>
      </pins>
    </libpart>
    <libpart lib="Interface_CAN_LIN" part="MCP2551-I-P">
      <description>High-Speed CAN Transceiver, 1Mbps, 5V supply, DIP-8</description>
      <docs>http://ww1.microchip.com/downloads/en/devicedoc/21667d.pdf</docs>
      <footprints>
        <fp>DIP*W7.62mm*</fp>
      </footprints>
      <fields>
        <field name="Reference">U</field>
        <field name="Value">MCP2551-I-P</field>
        <field name="Footprint">Package_DIP:DIP-8_W7.62mm</field>
      </fields>
      <pins>
        <pin num="1" name="TXD" type="input"/>
        <pin num="2" name="VSS" type="power_in"/>
        <pin num="3" name="VDD" type="power_in"/>
        <pin num="4" name="RXD" type="output"/>
        <pin num="5" name="Vref" type="power_out"/>
        <pin num="6" name="CANL" type="BiDi"/>
        <pin num="7" name="CANH" type="BiDi"/>
        <pin num="8" name="Rs" type="input"/>
      </pins>
    </libpart>
    <libpart lib="Regulator_Linear" part="L7805">
      <aliases>
        <alias>L7806</alias>
        <alias>L7808</alias>
        <alias>L7885</alias>
        <alias>L7809</alias>
        <alias>L7812</alias>
        <alias>L7815</alias>
        <alias>L7818</alias>
        <alias>L7824</alias>
      </aliases>
      <description>Positive 1.5A 35V Linear Regulator, Fixed Output 5V, TO-220/TO-263/TO-252</description>
      <docs>http://www.st.com/content/ccc/resource/technical/document/datasheet/41/4f/b3/b0/12/d4/47/88/CD00000444.pdf/files/CD00000444.pdf/jcr:content/translations/en.CD00000444.pdf</docs>
      <footprints>
        <fp>TO?252*</fp>
        <fp>TO?263*</fp>
        <fp>TO?220*</fp>
      </footprints>
      <fields>
        <field name="Reference">U</field>
        <field name="Value">L7805</field>
      </fields>
      <pins>
        <pin num="1" name="IN" type="power_in"/>
        <pin num="2" name="GND" type="power_in"/>
        <pin num="3" name="OUT" type="power_out"/>
      </pins>
    </libpart>
    <libpart lib="Relay" part="ADW11">
      <description>Panasonic, 8A/16A, Small Polarized Latching Power Relays, Single coil, 1 Form A</description>
      <docs>https://www.panasonic-electric-works.com/pew/es/downloads/ds_dw_hl_en.pdf</docs>
      <footprints>
        <fp>Relay*1P1T*NO*Panasonic*ADW11xxxxW*</fp>
      </footprints>
      <fields>
        <field name="Reference">K</field>
        <field name="Value">ADW11</field>
        <field name="Footprint">Relay_THT:Relay_1P1T_NO_10x24x18.8mm_Panasonic_ADW11xxxxW_THT</field>
      </fields>
      <pins>
        <pin num="1" name="~" type="passive"/>
        <pin num="3" name="~" type="passive"/>
        <pin num="5" name="~" type="passive"/>
        <pin num="6" name="~" type="passive"/>
      </pins>
    </libpart>
    <libpart lib="Transistor_BJT" part="2N3904">
      <description>0.2A Ic, 40V Vce, Small Signal NPN Transistor, TO-92</description>
      <docs>https://www.fairchildsemi.com/datasheets/2N/2N3904.pdf</docs>
      <footprints>
        <fp>TO?92*</fp>
      </footprints>
      <fields>
        <field name="Reference">Q</field>
        <field name="Value">2N3904</field>
        <field name="Footprint">Package_TO_SOT_THT:TO-92_Inline</field>
      </fields>
      <pins>
        <pin num="1" name="E" type="passive"/>
        <pin num="2" name="B" type="passive"/>
        <pin num="3" name="C" type="passive"/>
      </pins>
    </libpart>
    <libpart lib="WT-20-VARS_-SCHEMATIC1v4-rescue" part="Conn_01x04-Connector_Generic-WT-20-VARS_-SCHEMATIC1-rescue-WT-20-VARS_-SCHEMATIC1-rescue-WT-20-VARS_-SCHEMATIC1-rescue-WT-20-VARS_-SCHEMATIC1v3-rescue">
      <footprints>
        <fp>Connector*:*_1x??_*</fp>
      </footprints>
      <fields>
        <field name="Reference">J</field>
        <field name="Value">Conn_01x04-Connector_Generic-WT-20-VARS_-SCHEMATIC1-rescue-WT-20-VARS_-SCHEMATIC1-rescue-WT-20-VARS_-SCHEMATIC1-rescue-WT-20-VARS_-SCHEMATIC1v3-rescue</field>
      </fields>
      <pins>
        <pin num="1" name="Pin_1" type="passive"/>
        <pin num="2" name="Pin_2" type="passive"/>
        <pin num="3" name="Pin_3" type="passive"/>
        <pin num="4" name="Pin_4" type="passive"/>
      </pins>
    </libpart>
    <libpart lib="WT-20-VARS_-SCHEMATIC1v4-rescue" part="Conn_01x14-Connector_Generic-WT-20-VARS_-SCHEMATIC1-rescue-WT-20-VARS_-SCHEMATIC1-rescue-WT-20-VARS_-SCHEMATIC1-rescue-WT-20-VARS_-SCHEMATIC1v3-rescue">
      <footprints>
        <fp>Connector*:*_1x??_*</fp>
      </footprints>
      <fields>
        <field name="Reference">J</field>
        <field name="Value">Conn_01x14-Connector_Generic-WT-20-VARS_-SCHEMATIC1-rescue-WT-20-VARS_-SCHEMATIC1-rescue-WT-20-VARS_-SCHEMATIC1-rescue-WT-20-VARS_-SCHEMATIC1v3-rescue</field>
      </fields>
      <pins>
        <pin num="1" name="Pin_1" type="passive"/>
        <pin num="2" name="Pin_2" type="passive"/>
        <pin num="3" name="Pin_3" type="passive"/>
        <pin num="4" name="Pin_4" type="passive"/>
        <pin num="5" name="Pin_5" type="passive"/>
        <pin num="6" name="Pin_6" type="passive"/>
        <pin num="7" name="Pin_7" type="passive"/>
        <pin num="8" name="Pin_8" type="passive"/>
        <pin num="9" name="Pin_9" type="passive"/>
        <pin num="10" name="Pin_10" type="passive"/>
        <pin num="11" name="Pin_11" type="passive"/>
        <pin num="12" name="Pin_12" type="passive"/>
        <pin num="13" name="Pin_13" type="passive"/>
        <pin num="14" name="Pin_14" type="passive"/>
      </pins>
    </libpart>
    <libpart lib="WT-20-VARS_-SCHEMATIC1v4-rescue" part="Conn_02x04_Odd_Even_MOD-WT-20_VARS__SCHEMATIC1v3-cache-WT-20-VARS_-SCHEMATIC1v3-rescue">
      <footprints>
        <fp>Connector*:*_2x??_*</fp>
      </footprints>
      <fields>
        <field name="Reference">J</field>
        <field name="Value">Conn_02x04_Odd_Even_MOD-WT-20_VARS__SCHEMATIC1v3-cache-WT-20-VARS_-SCHEMATIC1v3-rescue</field>
      </fields>
      <pins>
        <pin num="1" name="Pin_1" type="passive"/>
        <pin num="2" name="Pin_2" type="passive"/>
        <pin num="3" name="Pin_3" type="passive"/>
        <pin num="4" name="Pin_4" type="passive"/>
        <pin num="5" name="Pin_5" type="passive"/>
        <pin num="6" name="Pin_6" type="passive"/>
        <pin num="7" name="Pin_7" type="passive"/>
        <pin num="8" name="Pin_8" type="passive"/>
      </pins>
    </libpart>
    <libpart lib="WT-20-VARS_-SCHEMATIC1v4-rescue" part="ESP32-WROOM-32D-WT-20-VARS_-SCHEMATIC1-rescue-WT-20-VARS_-SCHEMATIC1-rescue-WT-20-VARS_-SCHEMATIC1-rescue-WT-20-VARS_-SCHEMATIC1-rescue-WT-20-VARS_-SCHEMATIC1v3-rescue">
      <fields>
        <field name="Reference">U</field>
        <field name="Value">ESP32-WROOM-32D-WT-20-VARS_-SCHEMATIC1-rescue-WT-20-VARS_-SCHEMATIC1-rescue-WT-20-VARS_-SCHEMATIC1-rescue-WT-20-VARS_-SCHEMATIC1-rescue-WT-20-VARS_-SCHEMATIC1v3-rescue</field>
      </fields>
      <pins>
        <pin num="1" name="3V3" type="BiDi"/>
        <pin num="2" name="EN" type="input"/>
        <pin num="3" name="VP" type="input"/>
        <pin num="4" name="VN" type="input"/>
        <pin num="5" name="34" type="input"/>
        <pin num="6" name="35" type="input"/>
        <pin num="7" name="32" type="BiDi"/>
        <pin num="8" name="33" type="BiDi"/>
        <pin num="9" name="25" type="BiDi"/>
        <pin num="10" name="26" type="BiDi"/>
        <pin num="11" name="27" type="BiDi"/>
        <pin num="12" name="14" type="BiDi"/>
        <pin num="13" name="12" type="BiDi"/>
        <pin num="14" name="GND" type="power_in"/>
        <pin num="15" name="13" type="BiDi"/>
        <pin num="16" name="D2" type="BiDi"/>
        <pin num="17" name="D3" type="BiDi"/>
        <pin num="18" name="CMD" type="BiDi"/>
        <pin num="19" name="5V" type="power_in"/>
        <pin num="20" name="CLK" type="output"/>
        <pin num="21" name="D0" type="BiDi"/>
        <pin num="22" name="D1" type="BiDi"/>
        <pin num="23" name="15" type="BiDi"/>
        <pin num="24" name="2" type="BiDi"/>
        <pin num="25" name="0" type="BiDi"/>
        <pin num="26" name="4" type="BiDi"/>
        <pin num="27" name="16" type="BiDi"/>
        <pin num="28" name="17" type="BiDi"/>
        <pin num="29" name="5" type="BiDi"/>
        <pin num="30" name="18" type="BiDi"/>
        <pin num="31" name="19" type="BiDi"/>
        <pin num="32" name="GND" type="power_in"/>
        <pin num="33" name="21" type="BiDi"/>
        <pin num="34" name="RX" type="BiDi"/>
        <pin num="35" name="TX" type="BiDi"/>
        <pin num="36" name="22" type="BiDi"/>
        <pin num="37" name="23" type="BiDi"/>
        <pin num="38" name="GND" type="power_in"/>
      </pins>
    </libpart>
    <libpart lib="WT-20-VARS_-SCHEMATIC1v4-rescue" part="LEVEL_TR-Logic_LevelTranslator-WT-20-VARS_-SCHEMATIC1-rescue-WT-20-VARS_-SCHEMATIC1-rescue-WT-20-VARS_-SCHEMATIC1v3-rescue">
      <fields>
        <field name="Reference">U</field>
        <field name="Value">LEVEL_TR-Logic_LevelTranslator-WT-20-VARS_-SCHEMATIC1-rescue-WT-20-VARS_-SCHEMATIC1-rescue-WT-20-VARS_-SCHEMATIC1v3-rescue</field>
      </fields>
      <pins>
        <pin num="1" name="HV1" type="BiDi"/>
        <pin num="1-UB" name="HV1" type="BiDi"/>
        <pin num="1-UC" name="HV1" type="BiDi"/>
        <pin num="1-UD" name="HV1" type="BiDi"/>
        <pin num="2" name="HV2" type="BiDi"/>
        <pin num="2-UB" name="HV2" type="BiDi"/>
        <pin num="2-UC" name="HV2" type="BiDi"/>
        <pin num="2-UD" name="HV2" type="BiDi"/>
        <pin num="3" name="HV" type="power_in"/>
        <pin num="3-UB" name="HV" type="power_in"/>
        <pin num="3-UC" name="HV" type="power_in"/>
        <pin num="3-UD" name="HV" type="power_in"/>
        <pin num="4" name="GND" type="power_in"/>
        <pin num="4-UB" name="GND" type="power_in"/>
        <pin num="4-UC" name="GND" type="power_in"/>
        <pin num="4-UD" name="GND" type="power_in"/>
        <pin num="5" name="HV3" type="BiDi"/>
        <pin num="5-UB" name="HV3" type="BiDi"/>
        <pin num="5-UC" name="HV3" type="BiDi"/>
        <pin num="5-UD" name="HV3" type="BiDi"/>
        <pin num="6" name="HV4" type="BiDi"/>
        <pin num="6-UB" name="HV4" type="BiDi"/>
        <pin num="6-UC" name="HV4" type="BiDi"/>
        <pin num="6-UD" name="HV4" type="BiDi"/>
        <pin num="7" name="LV4" type="power_in"/>
        <pin num="7-UB" name="LV4" type="power_in"/>
        <pin num="7-UC" name="LV4" type="power_in"/>
        <pin num="7-UD" name="LV4" type="power_in"/>
        <pin num="8" name="LV3" type="power_in"/>
        <pin num="8-UB" name="LV3" type="power_in"/>
        <pin num="8-UC" name="LV3" type="power_in"/>
        <pin num="8-UD" name="LV3" type="power_in"/>
        <pin num="9" name="GND" type="power_in"/>
        <pin num="9-UB" name="GND" type="power_in"/>
        <pin num="9-UC" name="GND" type="power_in"/>
        <pin num="9-UD" name="GND" type="power_in"/>
        <pin num="10" name="LV" type="power_in"/>
        <pin num="10-UB" name="LV" type="power_in"/>
        <pin num="10-UC" name="LV" type="power_in"/>
        <pin num="10-UD" name="LV" type="power_in"/>
        <pin num="11" name="LV2" type="BiDi"/>
        <pin num="11-UB" name="LV2" type="BiDi"/>
        <pin num="11-UC" name="LV2" type="BiDi"/>
        <pin num="11-UD" name="LV2" type="BiDi"/>
        <pin num="12" name="LV1" type="BiDi"/>
        <pin num="12-UB" name="LV1" type="BiDi"/>
        <pin num="12-UC" name="LV1" type="BiDi"/>
        <pin num="12-UD" name="LV1" type="BiDi"/>
      </pins>
    </libpart>
  </libparts>
  <libraries>
    <library logical="Connector">
      <uri>C:\Program Files\KiCad\share\kicad\library/Connector.lib</uri>
    </library>
    <library logical="Connector_Generic">
      <uri>C:\Program Files\KiCad\share\kicad\library/Connector_Generic.lib</uri>
    </library>
    <library logical="Device">
      <uri>C:\Program Files\KiCad\share\kicad\library/Device.lib</uri>
    </library>
    <library logical="Diode">
      <uri>C:\Program Files\KiCad\share\kicad\library/Diode.lib</uri>
    </library>
    <library logical="Interface_CAN_LIN">
      <uri>C:\Program Files\KiCad\share\kicad\library/Interface_CAN_LIN.lib</uri>
    </library>
    <library logical="Regulator_Linear">
      <uri>C:\Program Files\KiCad\share\kicad\library/Regulator_Linear.lib</uri>
    </library>
    <library logical="Relay">
      <uri>C:\Program Files\KiCad\share\kicad\library/Relay.lib</uri>
    </library>
    <library logical="Transistor_BJT">
      <uri>C:\Program Files\KiCad\share\kicad\library/Transistor_BJT.lib</uri>
    </library>
    <library logical="WT-20-VARS_-SCHEMATIC1v4-rescue">
      <uri>C:\Users\alvar\OneDrive\Documentos\Work\Schematics\WT-20 VARS v2.0/WT-20 VARS_ SCHEMATIC1v4-rescue.lib</uri>
    </library>
  </libraries>
  <nets>
    <net code="1" name="Net-(C4-Pad1)">
      <node ref="C4" pin="1"/>
      <node ref="U2" pin="2"/>
      <node ref="U4" pin="17"/>
    </net>
    <net code="2" name="Earth">
      <node ref="U2" pin="38"/>
      <node ref="U2" pin="32"/>
      <node ref="U5" pin="9"/>
      <node ref="U3" pin="2"/>
      <node ref="U4" pin="9"/>
      <node ref="C8" pin="2"/>
      <node ref="U2" pin="14"/>
      <node ref="J9" pin="2"/>
      <node ref="J8" pin="2"/>
      <node ref="J13" pin="2"/>
      <node ref="J1" pin="1"/>
      <node ref="J16" pin="3"/>
      <node ref="J4" pin="8"/>
      <node ref="J14" pin="2"/>
      <node ref="J5" pin="3"/>
      <node ref="J5" pin="1"/>
      <node ref="J6" pin="4"/>
      <node ref="J10" pin="2"/>
      <node ref="J15" pin="1"/>
      <node ref="J7" pin="1"/>
      <node ref="J11" pin="2"/>
      <node ref="C2" pin="2"/>
      <node ref="R4" pin="2"/>
      <node ref="C1" pin="2"/>
      <node ref="C5" pin="2"/>
      <node ref="J2" pin="2"/>
      <node ref="C6" pin="1"/>
      <node ref="U1" pin="2"/>
      <node ref="C3" pin="2"/>
      <node ref="C4" pin="2"/>
      <node ref="Q3" pin="1"/>
      <node ref="U5" pin="4"/>
      <node ref="C7" pin="1"/>
      <node ref="U3" pin="8"/>
    </net>
    <net code="3" name="Net-(Q3-Pad2)">
      <node ref="R9" pin="1"/>
      <node ref="Q3" pin="2"/>
    </net>
    <net code="4" name="Net-(J12-Pad2)">
      <node ref="K1" pin="5"/>
      <node ref="J12" pin="2"/>
    </net>
    <net code="5" name="Net-(R9-Pad2)">
      <node ref="R9" pin="2"/>
      <node ref="U2" pin="8"/>
    </net>
    <net code="6" name="+3V3">
      <node ref="J2" pin="8"/>
      <node ref="J2" pin="1"/>
      <node ref="U4" pin="18"/>
      <node ref="U2" pin="1"/>
      <node ref="R1" pin="1"/>
      <node ref="R2" pin="1"/>
      <node ref="C8" pin="1"/>
      <node ref="R6" pin="2"/>
      <node ref="C3" pin="1"/>
      <node ref="U5" pin="10"/>
    </net>
    <net code="7" name="Net-(R3-Pad1)">
      <node ref="U2" pin="5"/>
      <node ref="R4" pin="1"/>
      <node ref="R3" pin="1"/>
    </net>
    <net code="8" name="Net-(J5-Pad4)">
      <node ref="R1" pin="2"/>
      <node ref="U2" pin="4"/>
      <node ref="J5" pin="4"/>
    </net>
    <net code="9" name="Net-(J5-Pad2)">
      <node ref="R2" pin="2"/>
      <node ref="U2" pin="3"/>
      <node ref="J5" pin="2"/>
    </net>
    <net code="10" name="Net-(J14-Pad1)">
      <node ref="U2" pin="6"/>
      <node ref="J14" pin="1"/>
      <node ref="R6" pin="1"/>
    </net>
    <net code="11" name="Net-(U2-Pad7)">
      <node ref="U2" pin="7"/>
      <node ref="U4" pin="16"/>
    </net>
    <net code="12" name="Net-(J2-Pad3)">
      <node ref="J2" pin="3"/>
      <node ref="U2" pin="23"/>
    </net>
    <net code="13" name="Net-(J3-Pad4)">
      <node ref="J3" pin="4"/>
      <node ref="U2" pin="29"/>
    </net>
    <net code="14" name="Net-(J12-Pad1)">
      <node ref="K1" pin="3"/>
      <node ref="J12" pin="1"/>
    </net>
    <net code="15" name="Net-(D2-Pad2)">
      <node ref="K1" pin="6"/>
      <node ref="Q3" pin="3"/>
      <node ref="D2" pin="2"/>
    </net>
    <net code="16" name="Net-(J2-Pad5)">
      <node ref="U2" pin="24"/>
      <node ref="J2" pin="5"/>
    </net>
    <net code="17" name="Net-(J2-Pad4)">
      <node ref="U2" pin="26"/>
      <node ref="J2" pin="4"/>
    </net>
    <net code="18" name="Net-(J13-Pad1)">
      <node ref="U2" pin="15"/>
      <node ref="J13" pin="1"/>
    </net>
    <net code="19" name="Net-(J10-Pad1)">
      <node ref="J10" pin="1"/>
      <node ref="U2" pin="11"/>
    </net>
    <net code="20" name="Net-(J8-Pad1)">
      <node ref="J8" pin="1"/>
      <node ref="U2" pin="13"/>
    </net>
    <net code="21" name="Net-(J9-Pad1)">
      <node ref="J9" pin="1"/>
      <node ref="U2" pin="12"/>
    </net>
    <net code="22" name="Net-(J11-Pad1)">
      <node ref="J11" pin="1"/>
      <node ref="U2" pin="10"/>
    </net>
    <net code="23" name="Net-(J7-Pad4)">
      <node ref="J7" pin="4"/>
    </net>
    <net code="24" name="Net-(J15-Pad2)">
      <node ref="J15" pin="2"/>
      <node ref="R3" pin="2"/>
    </net>
    <net code="25" name="+5V">
      <node ref="J6" pin="1"/>
      <node ref="U1" pin="3"/>
      <node ref="D2" pin="1"/>
      <node ref="C5" pin="1"/>
      <node ref="C2" pin="1"/>
      <node ref="U2" pin="19"/>
      <node ref="J4" pin="2"/>
      <node ref="J16" pin="1"/>
      <node ref="J15" pin="3"/>
      <node ref="U5" pin="3"/>
      <node ref="U3" pin="3"/>
      <node ref="K1" pin="1"/>
    </net>
    <net code="26" name="Net-(J4-Pad4)">
      <node ref="U5" pin="5"/>
      <node ref="J6" pin="2"/>
      <node ref="J4" pin="4"/>
    </net>
    <net code="27" name="Net-(J4-Pad6)">
      <node ref="J6" pin="3"/>
      <node ref="J4" pin="6"/>
      <node ref="U5" pin="6"/>
    </net>
    <net code="28" name="Net-(C1-Pad1)">
      <node ref="J1" pin="2"/>
      <node ref="U1" pin="1"/>
      <node ref="C1" pin="1"/>
    </net>
    <net code="29" name="Net-(J16-Pad2)">
      <node ref="J16" pin="2"/>
      <node ref="U2" pin="9"/>
    </net>
    <net code="30" name="Net-(J4-Pad3)">
      <node ref="J4" pin="3"/>
    </net>
    <net code="31" name="Net-(J4-Pad1)">
      <node ref="J4" pin="1"/>
    </net>
    <net code="32" name="Net-(J4-Pad5)">
      <node ref="J4" pin="5"/>
    </net>
    <net code="33" name="Net-(J4-Pad7)">
      <node ref="J4" pin="7"/>
    </net>
    <net code="34" name="Net-(C7-Pad2)">
      <node ref="C7" pin="2"/>
      <node ref="Y1" pin="2"/>
      <node ref="U4" pin="7"/>
    </net>
    <net code="35" name="Net-(U4-Pad2)">
      <node ref="U5" pin="12"/>
      <node ref="U4" pin="2"/>
    </net>
    <net code="36" name="Net-(U4-Pad3)">
      <node ref="U4" pin="3"/>
    </net>
    <net code="37" name="Net-(U4-Pad4)">
      <node ref="U4" pin="4"/>
    </net>
    <net code="38" name="Net-(U4-Pad5)">
      <node ref="U4" pin="5"/>
    </net>
    <net code="39" name="Net-(U4-Pad6)">
      <node ref="U4" pin="6"/>
    </net>
    <net code="40" name="Net-(U3-Pad5)">
      <node ref="U3" pin="5"/>
    </net>
    <net code="41" name="Net-(U4-Pad1)">
      <node ref="U4" pin="1"/>
      <node ref="U5" pin="11"/>
    </net>
    <net code="42" name="Net-(U4-Pad10)">
      <node ref="U4" pin="10"/>
    </net>
    <net code="43" name="Net-(U4-Pad11)">
      <node ref="U4" pin="11"/>
    </net>
    <net code="44" name="Net-(U4-Pad12)">
      <node ref="U4" pin="12"/>
    </net>
    <net code="45" name="Net-(C6-Pad2)">
      <node ref="U4" pin="8"/>
      <node ref="C6" pin="2"/>
      <node ref="Y1" pin="1"/>
    </net>
    <net code="46" name="Net-(J2-Pad12)">
      <node ref="U4" pin="14"/>
      <node ref="U2" pin="37"/>
      <node ref="J3" pin="3"/>
      <node ref="J2" pin="6"/>
      <node ref="J2" pin="12"/>
    </net>
    <net code="47" name="Net-(J2-Pad13)">
      <node ref="U2" pin="31"/>
      <node ref="U4" pin="15"/>
      <node ref="J2" pin="13"/>
      <node ref="J3" pin="2"/>
    </net>
    <net code="48" name="Net-(J2-Pad14)">
      <node ref="J2" pin="14"/>
    </net>
    <net code="49" name="Net-(J2-Pad10)">
      <node ref="J2" pin="7"/>
      <node ref="J3" pin="1"/>
      <node ref="U2" pin="30"/>
      <node ref="U4" pin="13"/>
      <node ref="J2" pin="10"/>
    </net>
    <net code="50" name="Net-(J2-Pad11)">
      <node ref="J2" pin="11"/>
      <node ref="U2" pin="25"/>
    </net>
    <net code="51" name="Net-(J2-Pad9)">
      <node ref="J2" pin="9"/>
    </net>
    <net code="69" name="Net-(U3-Pad1)">
      <node ref="U3" pin="1"/>
      <node ref="U5" pin="2"/>
    </net>
    <net code="70" name="Net-(U2-Pad21)">
      <node ref="U2" pin="21"/>
    </net>
    <net code="71" name="Net-(U2-Pad22)">
      <node ref="U2" pin="22"/>
    </net>
    <net code="72" name="Net-(U2-Pad27)">
      <node ref="U2" pin="27"/>
    </net>
    <net code="73" name="Net-(U2-Pad28)">
      <node ref="U2" pin="28"/>
    </net>
    <net code="74" name="Net-(U2-Pad20)">
      <node ref="U2" pin="20"/>
    </net>
    <net code="75" name="Net-(U2-Pad34)">
      <node ref="U2" pin="34"/>
    </net>
    <net code="76" name="Net-(U2-Pad35)">
      <node ref="U2" pin="35"/>
    </net>
    <net code="77" name="Net-(U2-Pad36)">
      <node ref="U5" pin="7"/>
      <node ref="U2" pin="36"/>
    </net>
    <net code="78" name="Net-(U2-Pad33)">
      <node ref="U2" pin="33"/>
      <node ref="U5" pin="8"/>
    </net>
    <net code="79" name="Net-(U2-Pad16)">
      <node ref="U2" pin="16"/>
    </net>
    <net code="80" name="Net-(U2-Pad17)">
      <node ref="U2" pin="17"/>
    </net>
    <net code="81" name="Net-(U2-Pad18)">
      <node ref="U2" pin="18"/>
    </net>
    <net code="82" name="Net-(J7-Pad3)">
      <node ref="J7" pin="3"/>
      <node ref="R5" pin="1"/>
      <node ref="U3" pin="7"/>
    </net>
    <net code="83" name="Net-(J7-Pad2)">
      <node ref="J7" pin="2"/>
      <node ref="U3" pin="6"/>
      <node ref="R5" pin="2"/>
    </net>
    <net code="84" name="Net-(U3-Pad4)">
      <node ref="U3" pin="4"/>
      <node ref="U5" pin="1"/>
    </net>
  </nets>
</export>
